motif;nb_sauts;support;pred_cible;normalized_losses;wheel_base;length;width;height;curb_weight;engine_size;bore;stroke;compression_ratio;horsepower;peak_rpm;city_mpg;highway_mpg;price
-;-;-;-;110;103.3;174.6;64.6;59.8;2535;122;3.34;3.46;8.5;88;5000;24;30;10514.23
MOC (NSGA-II);-;-;[11400, 12600];125.7815 (↑);-;-;-;-;-;-;-;-;-;-;-;20 (↓);-;11852.64 (↑)
MOC (NSGA-II);-;-;[11400, 12600];-;-;-;67.2987 (↑);-;-;-;-;-;-;-;-;-;-;11309.45 (↑)
MOC (NSGA-II);-;-;[11400, 12600];-;-;-;-;-;-;162 (↑);-;-;-;-;-;-;-;10963.14 (↑)
MOC (NSGA-II);-;-;[11400, 12600];-;-;-;66.186 (↑);-;-;-;-;-;-;-;-;-;-;10836.92 (↑)
MOC (NSGA-II);-;-;[11400, 12600];108.325 (↓);-;-;66.2085 (↑);-;-;-;-;-;-;-;-;-;-;10786.6 (↑)
MOC (NSGA-II);-;-;[11400, 12600];-;-;-;65.9299 (↑);-;-;-;-;3.4601 (↑);-;-;-;-;-;10755.19 (↑)
MOC (NSGA-II);-;-;[11400, 12600];-;-;-;-;-;2758 (↑);-;-;-;8.7436 (↑);-;-;-;-;10744.85 (↑)
MOC (NSGA-II);-;-;[11400, 12600];-;-;-;64.6048 (↑);-;2758 (↑);-;-;-;-;-;-;-;-;10743.02 (↑)
MOC (NSGA-II);-;-;[11400, 12600];-;103.8066 (↑);-;64.8737 (↑);-;-;-;-;-;8.0044 (↓);-;-;-;-;10635.32 (↑)
MOC (NSGA-II);-;-;[11400, 12600];-;103.699 (↑);-;-;-;-;-;-;-;-;-;-;-;-;10585.29 (↑)
MOC (NSGA-II);-;-;[11400, 12600];-;-;-;64.6182 (↑);-;-;-;-;3.4705 (↑);-;-;-;-;-;10518.37 (↑)
MOC (NSGA-II);-;-;[11400, 12600];-;-;-;-;-;-;-;-;3.4724 (↑);-;-;-;-;-;10517.83 (↑)
MOC (NSGA-II);-;-;[11400, 12600];109.5761 (↓);-;-;64.6096 (↑);-;-;-;-;-;-;-;-;-;-;10498.24 (↓)
MOC (NSGA-II);-;-;[11400, 12600];108.1013 (↓);-;-;-;-;-;-;-;3.4643 (↑);-;-;-;-;-;10441.94 (↓)
MOC (NSGA-II);-;-;[11400, 12600];108.1013 (↓);-;-;-;-;-;-;-;-;-;-;-;-;-;10440.67 (↓)
MOC (NSGA-II);-;-;[11400, 12600];98.4022 (↓);-;-;-;-;-;-;-;3.4657 (↑);-;-;-;-;-;10103.25 (↓)
MOC (NSGA-II);-;-;[11400, 12600];97.3924 (↓);-;-;-;-;-;-;-;3.4655 (↑);-;-;-;-;-;10071.43 (↓)
