motif;support;seq_num;taille;cible_depart;cible_arrivee
wheel_base=+;0.425;1;2;35056.0;31600.0
height=+;0.441;1;3;35056.0;28248.0
highway_mpg=+;0.417;1;2;35056.0;31600.0
height=+, wheel_base=+;0.283;1;2;35056.0;31600.0
height=+, length=+;0.276;1;2;35056.0;31600.0
length=+;0.48;1;2;35056.0;31600.0
length=+, wheel_base=+;0.331;1;2;35056.0;31600.0
curb_weight=-;0.504;1;3;32250.0;28176.0
curb_weight=-, length=-;0.307;1;2;31600.0;28176.0
length=-, wheel_base=-;0.323;1;2;31600.0;28176.0
length=-;0.449;1;2;31600.0;28176.0
curb_weight=-, wheel_base=-;0.299;1;2;31600.0;28176.0
wheel_base=-;0.433;1;2;31600.0;28176.0
length=+;0.48;2;2;28176.0;23875.0
curb_weight=-, stroke=-;0.252;1;2;25552.0;22625.0
height=-;0.457;1;2;25552.0;22625.0
stroke=-;0.425;1;2;25552.0;22625.0
curb_weight=-;0.504;2;2;25552.0;22625.0
curb_weight=-, height=-;0.283;1;2;25552.0;22625.0
horsepower=-;0.441;1;2;23875.0;22470.0
city_mpg=+, compression_ratio=+, horsepower=-;0.268;1;2;23875.0;22470.0
city_mpg=+, highway_mpg=+;0.346;1;2;23875.0;22470.0
city_mpg=+, compression_ratio=+, highway_mpg=+;0.299;1;2;23875.0;22470.0
compression_ratio=+, highway_mpg=+;0.307;1;2;23875.0;22470.0
highway_mpg=+;0.417;2;2;23875.0;22470.0
peak_rpm=-;0.394;1;2;23875.0;22470.0
highway_mpg=+, horsepower=-;0.331;1;2;23875.0;22470.0
city_mpg=+;0.394;1;2;23875.0;22470.0
compression_ratio=+, horsepower=-;0.276;1;2;23875.0;22470.0
city_mpg=+, highway_mpg=+, horsepower=-;0.299;1;2;23875.0;22470.0
engine_size=+;0.386;1;4;23875.0;21485.0
compression_ratio=+;0.441;1;2;23875.0;22470.0
city_mpg=+, compression_ratio=+, highway_mpg=+, horsepower=-;0.252;1;2;23875.0;22470.0
city_mpg=+, compression_ratio=+;0.323;1;2;23875.0;22470.0
city_mpg=+, horsepower=-;0.331;1;2;23875.0;22470.0
compression_ratio=-, stroke=-;0.252;1;2;22470.0;21485.0
city_mpg=-;0.386;1;2;22470.0;21485.0
compression_ratio=-;0.394;1;2;22470.0;21485.0
stroke=-;0.425;2;2;22470.0;21485.0
city_mpg=-, compression_ratio=-;0.299;1;2;22470.0;21485.0
bore=-, horsepower=-;0.26;1;2;22018.0;21105.0
bore=-;0.457;1;2;22018.0;21105.0
horsepower=-;0.441;2;2;22018.0;21105.0
curb_weight=-;0.504;3;2;21485.0;20970.0
peak_rpm=+;0.394;1;2;20970.0;19045.0
width=+;0.409;1;2;20970.0;19045.0
bore=+;0.409;1;2;20970.0;19045.0
normalized_losses=-;0.465;1;2;19699.0;18950.0
height=+, normalized_losses=-;0.283;1;2;19699.0;18950.0
engine_size=-;0.402;1;2;19699.0;18950.0
height=+;0.441;2;2;19699.0;18950.0
normalized_losses=+;0.48;1;2;18950.0;18399.0
height=-, normalized_losses=+;0.291;1;2;18950.0;18399.0
height=-;0.457;2;2;18950.0;18399.0
highway_mpg=+, horsepower=-;0.331;2;2;18420.0;18280.0
length=-;0.449;2;2;18420.0;18280.0
highway_mpg=+;0.417;3;2;18420.0;18280.0
horsepower=-;0.441;3;2;18420.0;18280.0
engine_size=-;0.402;2;2;18399.0;18150.0
stroke=-;0.425;3;2;18399.0;18150.0
height=+;0.441;3;3;18399.0;17950.0
curb_weight=+;0.472;1;2;18280.0;17950.0
width=+;0.409;2;3;18280.0;17710.0
curb_weight=+, length=+;0.315;1;2;18280.0;17950.0
normalized_losses=+;0.48;2;2;18280.0;17950.0
compression_ratio=+;0.441;2;2;18280.0;17950.0
height=+, length=+;0.276;2;2;18280.0;17950.0
length=+;0.48;3;3;18280.0;17710.0
length=+, width=+;0.283;1;3;18280.0;17710.0
curb_weight=+, height=+;0.252;1;2;18280.0;17950.0
height=-;0.457;3;2;17950.0;17669.0
normalized_losses=-;0.465;2;2;17950.0;17669.0
wheel_base=-;0.433;2;2;17950.0;17669.0
height=-, horsepower=+;0.283;1;2;17950.0;17669.0
height=-, wheel_base=-;0.307;1;2;17950.0;17669.0
horsepower=+;0.417;1;2;17950.0;17669.0
length=+, wheel_base=+;0.331;2;4;17669.0;16845.0
curb_weight=-, horsepower=-;0.252;1;2;17669.0;16925.0
horsepower=-, stroke=-;0.252;1;2;17669.0;16925.0
wheel_base=+;0.425;2;4;17669.0;16845.0
peak_rpm=+;0.394;2;2;17669.0;16925.0
normalized_losses=+, peak_rpm=+;0.252;1;2;17669.0;16925.0
curb_weight=-, normalized_losses=+;0.268;1;2;17669.0;16925.0
horsepower=-;0.441;4;3;17669.0;16900.0
curb_weight=-;0.504;4;2;17669.0;16925.0
stroke=-;0.425;4;2;17669.0;16925.0
normalized_losses=+;0.48;3;2;17669.0;16925.0
engine_size=-;0.402;3;2;17669.0;16925.0
length=+;0.48;4;4;17669.0;16845.0
curb_weight=-, peak_rpm=+;0.268;1;2;17669.0;16925.0
curb_weight=-, stroke=-;0.252;2;2;17669.0;16925.0
curb_weight=-, engine_size=-;0.299;1;2;17669.0;16925.0
city_mpg=+, compression_ratio=+, highway_mpg=+;0.299;2;2;17450.0;16900.0
city_mpg=+, highway_mpg=+;0.346;2;2;17450.0;16900.0
city_mpg=+, compression_ratio=+, horsepower=-;0.268;2;2;17450.0;16900.0
city_mpg=+, horsepower=-;0.331;2;2;17450.0;16900.0
compression_ratio=+, horsepower=-;0.276;2;2;17450.0;16900.0
city_mpg=+, compression_ratio=+;0.323;2;2;17450.0;16900.0
compression_ratio=+, highway_mpg=+;0.307;2;2;17450.0;16900.0
highway_mpg=+, horsepower=-;0.331;3;2;17450.0;16900.0
city_mpg=+;0.394;2;2;17450.0;16900.0
highway_mpg=+;0.417;4;2;17450.0;16900.0
compression_ratio=+;0.441;3;2;17450.0;16900.0
bore=+, length=+;0.268;1;3;17450.0;16845.0
city_mpg=+, compression_ratio=+, highway_mpg=+, horsepower=-;0.252;2;2;17450.0;16900.0
city_mpg=+, highway_mpg=+, horsepower=-;0.299;2;2;17450.0;16900.0
bore=+;0.409;2;3;17450.0;16845.0
width=+;0.409;3;2;16925.0;16845.0
normalized_losses=-, wheel_base=+;0.26;1;2;16925.0;16845.0
length=+, width=+;0.283;2;2;16925.0;16845.0
length=+, normalized_losses=-;0.268;1;2;16925.0;16845.0
normalized_losses=-;0.465;3;2;16925.0;16845.0
wheel_base=+, width=+;0.252;1;2;16925.0;16845.0
city_mpg=-, highway_mpg=-;0.323;1;2;16900.0;16630.0
city_mpg=-, compression_ratio=-;0.299;2;2;16900.0;16630.0
compression_ratio=-, highway_mpg=-;0.252;1;2;16900.0;16630.0
engine_size=-;0.402;4;2;16900.0;16630.0
compression_ratio=-;0.394;2;2;16900.0;16630.0
highway_mpg=-;0.37;1;2;16900.0;16630.0
city_mpg=-;0.386;2;2;16900.0;16630.0
width=-;0.425;1;4;16845.0;16430.0
bore=-, wheel_base=-;0.26;1;2;16845.0;16558.0
wheel_base=-, width=-;0.268;1;2;16845.0;16558.0
length=-, wheel_base=-;0.323;2;2;16845.0;16558.0
length=-, width=-;0.283;1;2;16845.0;16558.0
bore=-, length=-;0.268;1;2;16845.0;16558.0
bore=-, stroke=+;0.276;1;2;16845.0;16558.0
length=-;0.449;3;2;16845.0;16558.0
wheel_base=-;0.433;3;2;16845.0;16558.0
length=-, normalized_losses=+;0.268;1;2;16845.0;16558.0
normalized_losses=+, stroke=+;0.268;1;2;16845.0;16558.0
bore=-, normalized_losses=+;0.26;1;2;16845.0;16558.0
normalized_losses=+, wheel_base=-;0.26;1;2;16845.0;16558.0
stroke=+;0.425;1;2;16845.0;16558.0
bore=-;0.457;2;2;16845.0;16558.0
normalized_losses=+;0.48;4;2;16845.0;16558.0
city_mpg=+, compression_ratio=+;0.323;3;2;16630.0;16515.0
compression_ratio=+;0.441;4;2;16630.0;16515.0
city_mpg=+;0.394;3;2;16630.0;16515.0
peak_rpm=+;0.394;3;3;16630.0;16430.0
engine_size=-;0.402;5;2;16558.0;16430.0
highway_mpg=+, horsepower=-;0.331;4;2;16558.0;16430.0
stroke=-;0.425;5;2;16558.0;16430.0
horsepower=-, stroke=-;0.252;2;2;16558.0;16430.0
horsepower=-;0.441;5;2;16558.0;16430.0
highway_mpg=+;0.417;5;2;16558.0;16430.0
city_mpg=-, normalized_losses=+;0.252;1;2;16515.0;15998.0
bore=-, normalized_losses=+;0.26;2;2;16515.0;15998.0
city_mpg=-;0.386;3;2;16515.0;15998.0
height=-, normalized_losses=+;0.291;2;2;16515.0;15998.0
bore=-;0.457;3;2;16515.0;15998.0
height=-;0.457;4;2;16515.0;15998.0
normalized_losses=+;0.48;5;2;16515.0;15998.0
length=+;0.48;5;2;16430.0;15690.0
curb_weight=+;0.472;2;2;16430.0;15690.0
curb_weight=+, length=+;0.315;2;2;16430.0;15690.0
length=+, wheel_base=+;0.331;3;2;16430.0;15690.0
wheel_base=+;0.425;3;3;16430.0;15580.0
curb_weight=+, wheel_base=+;0.283;1;2;16430.0;15690.0
height=+, wheel_base=+;0.283;2;2;15998.0;15580.0
height=+, horsepower=-;0.283;1;2;15998.0;15580.0
compression_ratio=-;0.394;3;2;15998.0;15580.0
height=+;0.441;4;2;15998.0;15580.0
horsepower=-;0.441;6;2;15998.0;15580.0
bore=+;0.409;3;2;15690.0;15510.0
curb_weight=-, length=-;0.307;2;2;15690.0;15510.0
curb_weight=-;0.504;5;2;15690.0;15510.0
length=-;0.449;4;4;15690.0;13950.0
engine_size=+, stroke=+;0.252;1;2;15580.0;14399.0
engine_size=+;0.386;2;2;15580.0;14399.0
horsepower=+;0.417;2;2;15580.0;14399.0
stroke=+;0.425;2;3;15580.0;13950.0
bore=-, normalized_losses=+;0.26;3;2;15510.0;13950.0
normalized_losses=+, stroke=+;0.268;2;2;15510.0;13950.0
bore=-;0.457;4;2;15510.0;13950.0
length=-, normalized_losses=+;0.268;2;2;15510.0;13950.0
bore=-, length=-;0.268;2;2;15510.0;13950.0
bore=-, stroke=+;0.276;2;2;15510.0;13950.0
normalized_losses=+;0.48;6;2;15510.0;13950.0
city_mpg=-;0.386;4;2;13950.0;13499.0
curb_weight=+;0.472;3;2;13950.0;13499.0
city_mpg=-, highway_mpg=-;0.323;2;2;13950.0;13499.0
highway_mpg=-;0.37;2;2;13950.0;13499.0
city_mpg=+, compression_ratio=+, horsepower=-;0.268;3;2;13499.0;13200.0
highway_mpg=+, horsepower=-;0.331;5;2;13499.0;13200.0
city_mpg=+, horsepower=-;0.331;3;2;13499.0;13200.0
width=+;0.409;4;2;13499.0;13200.0
compression_ratio=+, highway_mpg=+;0.307;3;2;13499.0;13200.0
compression_ratio=+, horsepower=-;0.276;3;2;13499.0;13200.0
city_mpg=+, compression_ratio=+;0.323;4;2;13499.0;13200.0
city_mpg=+, compression_ratio=+, highway_mpg=+, horsepower=-;0.252;3;2;13499.0;13200.0
city_mpg=+, highway_mpg=+, horsepower=-;0.299;3;2;13499.0;13200.0
city_mpg=+, compression_ratio=+, highway_mpg=+;0.299;3;2;13499.0;13200.0
horsepower=-;0.441;7;2;13499.0;13200.0
highway_mpg=+;0.417;6;2;13499.0;13200.0
city_mpg=+, highway_mpg=+;0.346;3;2;13499.0;13200.0
wheel_base=+;0.425;4;2;13499.0;13200.0
compression_ratio=+;0.441;5;2;13499.0;13200.0
wheel_base=+, width=+;0.252;2;2;13499.0;13200.0
city_mpg=+;0.394;4;2;13499.0;13200.0
height=-;0.457;5;3;13415.0;12170.0
height=-, wheel_base=-;0.307;2;2;13200.0;12170.0
width=-;0.425;2;2;13200.0;12170.0
stroke=-;0.425;6;2;13200.0;12170.0
compression_ratio=-;0.394;4;2;13200.0;12170.0
city_mpg=-;0.386;5;2;13200.0;12170.0
engine_size=-;0.402;6;2;13200.0;12170.0
curb_weight=-, engine_size=-;0.299;2;2;13200.0;12170.0
curb_weight=-, height=-;0.283;2;2;13200.0;12170.0
wheel_base=-;0.433;4;2;13200.0;12170.0
compression_ratio=-, stroke=-;0.252;2;2;13200.0;12170.0
curb_weight=-, stroke=-;0.252;3;2;13200.0;12170.0
curb_weight=-;0.504;6;6;13200.0;11245.0
city_mpg=-, compression_ratio=-;0.299;3;2;13200.0;12170.0
wheel_base=-, width=-;0.268;2;2;13200.0;12170.0
curb_weight=-, wheel_base=-;0.299;2;2;13200.0;12170.0
normalized_losses=+;0.48;7;2;12940.0;11850.0
curb_weight=-, normalized_losses=+;0.268;2;2;12940.0;11850.0
normalized_losses=-;0.465;4;2;11850.0;11248.0
curb_weight=-, height=-;0.283;3;2;11850.0;11248.0
height=-;0.457;6;2;11850.0;11248.0
city_mpg=+, normalized_losses=-;0.252;1;2;11850.0;11248.0
peak_rpm=-;0.394;2;2;11850.0;11248.0
city_mpg=+;0.394;5;2;11850.0;11248.0
horsepower=-;0.441;8;2;11694.0;11245.0
length=+;0.48;6;2;11694.0;11245.0
curb_weight=-, horsepower=-;0.252;2;2;11694.0;11245.0
normalized_losses=+, wheel_base=-;0.26;2;2;11248.0;11199.0
city_mpg=-, normalized_losses=+;0.252;2;2;11248.0;11199.0
city_mpg=-;0.386;6;2;11248.0;11199.0
bore=+;0.409;4;2;11248.0;11199.0
wheel_base=-;0.433;5;2;11248.0;11199.0
normalized_losses=+;0.48;8;2;11248.0;11199.0
length=-;0.449;5;2;11245.0;10698.0
compression_ratio=+;0.441;6;2;11245.0;10698.0
curb_weight=-;0.504;7;3;11199.0;10345.0
city_mpg=-, horsepower=+;0.299;1;2;10698.0;10345.0
wheel_base=-;0.433;6;2;10698.0;10345.0
peak_rpm=+, wheel_base=-;0.252;1;2;10698.0;10345.0
height=-, peak_rpm=+;0.252;1;2;10698.0;10345.0
height=-, horsepower=+;0.283;2;2;10698.0;10345.0
curb_weight=-, height=-;0.283;4;2;10698.0;10345.0
stroke=+;0.425;3;2;10698.0;10345.0
curb_weight=-, peak_rpm=+;0.268;2;2;10698.0;10345.0
highway_mpg=-, horsepower=+;0.307;1;2;10698.0;10345.0
curb_weight=-, wheel_base=-;0.299;3;2;10698.0;10345.0
height=-;0.457;7;2;10698.0;10345.0
highway_mpg=-;0.37;3;2;10698.0;10345.0
height=-, wheel_base=-;0.307;3;2;10698.0;10345.0
city_mpg=-;0.386;7;2;10698.0;10345.0
horsepower=+;0.417;3;2;10698.0;10345.0
peak_rpm=+;0.394;4;2;10698.0;10345.0
city_mpg=-, highway_mpg=-;0.323;3;2;10698.0;10345.0
city_mpg=-, highway_mpg=-, horsepower=+;0.268;1;2;10698.0;10345.0
bore=+;0.409;5;2;10345.0;10198.0
bore=+, stroke=-;0.268;1;2;10345.0;10198.0
curb_weight=+;0.472;4;3;10345.0;9989.0
stroke=-;0.425;7;2;10345.0;10198.0
highway_mpg=-, horsepower=+;0.307;2;2;10245.0;9989.0
city_mpg=-, highway_mpg=-;0.323;4;2;10245.0;9989.0
city_mpg=-;0.386;8;2;10245.0;9989.0
horsepower=+;0.417;4;2;10245.0;9989.0
height=-, horsepower=+;0.283;3;2;10245.0;9989.0
compression_ratio=+;0.441;7;2;10245.0;9989.0
city_mpg=-, horsepower=+;0.299;2;2;10245.0;9989.0
height=-;0.457;8;2;10245.0;9989.0
highway_mpg=-;0.37;4;2;10245.0;9989.0
city_mpg=-, highway_mpg=-, horsepower=+;0.268;2;2;10245.0;9989.0
stroke=+;0.425;4;2;10198.0;9988.0
wheel_base=+;0.425;5;2;10198.0;9988.0
wheel_base=+, width=+;0.252;3;2;10198.0;9988.0
width=+;0.409;5;2;10198.0;9988.0
peak_rpm=-, wheel_base=+;0.26;1;2;10198.0;9988.0
peak_rpm=-;0.394;3;2;10198.0;9988.0
bore=-, engine_size=-;0.291;1;2;9989.0;9980.0
curb_weight=-, engine_size=-;0.299;3;2;9989.0;9980.0
curb_weight=-;0.504;8;2;9989.0;9980.0
bore=-, horsepower=-;0.26;2;2;9989.0;9980.0
engine_size=-;0.402;7;3;9989.0;9960.0
horsepower=-;0.441;9;2;9989.0;9980.0
bore=-, curb_weight=-;0.268;1;2;9989.0;9980.0
curb_weight=-, horsepower=-;0.252;3;2;9989.0;9980.0
curb_weight=-, length=-;0.307;3;2;9989.0;9980.0
bore=-;0.457;5;2;9989.0;9980.0
bore=-, length=-;0.268;3;2;9989.0;9980.0
compression_ratio=-;0.394;5;2;9989.0;9980.0
length=-;0.449;6;2;9989.0;9980.0
stroke=-;0.425;8;2;9988.0;9960.0
curb_weight=+, length=+;0.315;3;2;9980.0;9959.0
length=+;0.48;7;3;9980.0;9549.0
curb_weight=+;0.472;5;2;9980.0;9959.0
horsepower=+;0.417;5;2;9980.0;9959.0
engine_size=+;0.386;3;2;9960.0;9549.0
engine_size=+, stroke=+;0.252;2;2;9960.0;9549.0
stroke=+;0.425;5;2;9960.0;9549.0
width=-;0.425;3;2;9959.0;9538.0
curb_weight=-;0.504;9;2;9959.0;9538.0
compression_ratio=+;0.441;8;3;9959.0;9495.0
bore=-;0.457;6;2;9549.0;9495.0
engine_size=-;0.402;8;2;9549.0;9495.0
bore=-, compression_ratio=+;0.252;1;2;9549.0;9495.0
bore=-, engine_size=-;0.291;2;2;9549.0;9495.0
height=-;0.457;9;2;9495.0;9279.0
engine_size=+;0.386;4;2;9495.0;9279.0
compression_ratio=-;0.394;6;2;9495.0;9279.0
city_mpg=-, horsepower=+;0.299;3;2;9495.0;9279.0
city_mpg=-;0.386;9;2;9495.0;9279.0
horsepower=+;0.417;6;2;9495.0;9279.0
city_mpg=-, compression_ratio=-;0.299;4;2;9495.0;9279.0
height=-, horsepower=+;0.283;4;2;9495.0;9279.0
normalized_losses=-;0.465;5;3;9298.0;9258.0
height=+;0.441;5;5;9279.0;8921.0
engine_size=+;0.386;5;3;9258.0;8948.0
length=+, wheel_base=+;0.331;4;3;9258.0;8948.0
height=+, length=+;0.276;3;3;9258.0;8948.0
curb_weight=+, wheel_base=+;0.283;2;4;9258.0;8921.0
height=+, wheel_base=+;0.283;3;4;9258.0;8921.0
wheel_base=+;0.425;6;4;9258.0;8921.0
horsepower=+;0.417;7;2;9258.0;8949.0
curb_weight=+, length=+;0.315;4;3;9258.0;8948.0
curb_weight=+;0.472;6;4;9258.0;8921.0
curb_weight=+, height=+;0.252;2;4;9258.0;8921.0
length=+;0.48;8;3;9258.0;8948.0
curb_weight=+, engine_size=+;0.276;1;3;9258.0;8948.0
peak_rpm=-;0.394;4;2;9095.0;8948.0
peak_rpm=-, wheel_base=+;0.26;2;2;9095.0;8948.0
horsepower=-;0.441;10;4;8949.0;8778.0
height=+, horsepower=-;0.283;2;2;8949.0;8921.0
bore=+, stroke=-;0.268;2;2;8948.0;8845.0
stroke=-;0.425;9;3;8948.0;8778.0
bore=+;0.409;6;2;8948.0;8845.0
horsepower=-, stroke=-;0.252;3;3;8948.0;8778.0
normalized_losses=+;0.48;9;2;8948.0;8845.0
city_mpg=+, compression_ratio=+, horsepower=-;0.268;4;2;8921.0;8778.0
wheel_base=-;0.433;7;3;8921.0;8558.0
compression_ratio=+, horsepower=-;0.276;4;2;8921.0;8778.0
city_mpg=+, horsepower=-;0.331;4;2;8921.0;8778.0
city_mpg=+, compression_ratio=+;0.323;5;2;8921.0;8778.0
compression_ratio=+;0.441;9;2;8921.0;8778.0
city_mpg=+;0.394;6;2;8921.0;8778.0
bore=-;0.457;7;2;8845.0;8558.0
bore=-, length=-;0.268;4;2;8845.0;8558.0
length=-, wheel_base=-;0.323;3;2;8845.0;8558.0
length=-;0.449;7;2;8845.0;8558.0
bore=-, wheel_base=-;0.26;2;2;8845.0;8558.0
width=+;0.409;6;2;8778.0;8495.0
engine_size=+;0.386;6;2;8778.0;8495.0
normalized_losses=-;0.465;6;2;8558.0;8495.0
city_mpg=+, normalized_losses=-;0.252;2;2;8558.0;8495.0
height=+;0.441;6;2;8558.0;8495.0
height=+, normalized_losses=-;0.283;2;2;8558.0;8495.0
city_mpg=+, compression_ratio=+, highway_mpg=+;0.299;4;2;8558.0;8495.0
highway_mpg=+;0.417;7;2;8558.0;8495.0
compression_ratio=+, highway_mpg=+;0.307;4;2;8558.0;8495.0
city_mpg=+;0.394;7;2;8558.0;8495.0
city_mpg=+, highway_mpg=+;0.346;4;2;8558.0;8495.0
city_mpg=+, compression_ratio=+;0.323;6;2;8558.0;8495.0
compression_ratio=+;0.441;10;3;8558.0;8449.0
horsepower=+;0.417;8;2;8495.0;8449.0
stroke=+;0.425;6;2;8495.0;8449.0
wheel_base=-, width=-;0.268;3;2;8449.0;8249.0
bore=-, wheel_base=-;0.26;3;2;8449.0;8249.0
highway_mpg=+, horsepower=-;0.331;6;2;8449.0;8249.0
curb_weight=-, wheel_base=-;0.299;4;2;8449.0;8249.0
highway_mpg=+;0.417;8;2;8449.0;8249.0
length=-, wheel_base=-;0.323;4;2;8449.0;8249.0
width=-;0.425;4;2;8449.0;8249.0
length=-, width=-;0.283;2;2;8449.0;8249.0
curb_weight=-, engine_size=-;0.299;4;2;8449.0;8249.0
height=+, horsepower=-;0.283;3;2;8449.0;8249.0
city_mpg=+;0.394;8;2;8449.0;8249.0
bore=-;0.457;8;2;8449.0;8249.0
bore=-, horsepower=-;0.26;3;2;8449.0;8249.0
bore=-, engine_size=-;0.291;3;2;8449.0;8249.0
curb_weight=-, highway_mpg=+;0.252;1;2;8449.0;8249.0
curb_weight=-, horsepower=-;0.252;4;2;8449.0;8249.0
curb_weight=-, length=-;0.307;4;2;8449.0;8249.0
city_mpg=+, highway_mpg=+;0.346;5;2;8449.0;8249.0
engine_size=-;0.402;9;2;8449.0;8249.0
bore=-, curb_weight=-;0.268;2;2;8449.0;8249.0
horsepower=-;0.441;11;2;8449.0;8249.0
curb_weight=-;0.504;10;2;8449.0;8249.0
wheel_base=-;0.433;8;3;8449.0;8238.0
city_mpg=+, horsepower=-;0.331;5;2;8449.0;8249.0
height=+;0.441;7;2;8449.0;8249.0
bore=-, length=-;0.268;5;2;8449.0;8249.0
length=-;0.449;8;2;8449.0;8249.0
city_mpg=+, highway_mpg=+, horsepower=-;0.299;4;2;8449.0;8249.0
curb_weight=+, length=+;0.315;5;3;8249.0;8189.0
length=+;0.48;9;3;8249.0;8189.0
curb_weight=+, engine_size=+;0.276;2;3;8249.0;8189.0
curb_weight=+;0.472;7;3;8249.0;8189.0
city_mpg=-, horsepower=+;0.299;4;3;8249.0;8189.0
city_mpg=-;0.386;10;3;8249.0;8189.0
length=+, width=+;0.283;3;2;8249.0;8195.0
horsepower=+;0.417;9;3;8249.0;8189.0
engine_size=+;0.386;7;3;8249.0;8189.0
width=+;0.409;7;2;8249.0;8195.0
engine_size=+, stroke=+;0.252;3;2;8238.0;8189.0
stroke=+;0.425;7;2;8238.0;8189.0
wheel_base=-;0.433;9;2;8195.0;8058.0
peak_rpm=-;0.394;5;2;8195.0;8058.0
normalized_losses=+, wheel_base=-;0.26;3;2;8195.0;8058.0
normalized_losses=+;0.48;10;2;8195.0;8058.0
width=-;0.425;5;3;8195.0;7999.0
wheel_base=-, width=-;0.268;4;2;8195.0;8058.0
city_mpg=+, highway_mpg=+, horsepower=-;0.299;5;3;8189.0;7995.0
city_mpg=+, compression_ratio=+, highway_mpg=+, horsepower=-;0.252;4;3;8189.0;7995.0
highway_mpg=+, horsepower=-;0.331;7;3;8189.0;7995.0
city_mpg=+, horsepower=-;0.331;6;3;8189.0;7995.0
city_mpg=+, compression_ratio=+, highway_mpg=+;0.299;5;3;8189.0;7995.0
compression_ratio=+;0.441;11;3;8189.0;7995.0
highway_mpg=+;0.417;9;3;8189.0;7995.0
height=+;0.441;8;3;8189.0;7995.0
bore=-;0.457;9;3;8189.0;7995.0
city_mpg=+;0.394;9;3;8189.0;7995.0
compression_ratio=+, horsepower=-;0.276;5;3;8189.0;7995.0
city_mpg=+, highway_mpg=+;0.346;6;3;8189.0;7995.0
compression_ratio=+, highway_mpg=+;0.307;5;3;8189.0;7995.0
city_mpg=+, compression_ratio=+;0.323;7;3;8189.0;7995.0
engine_size=-;0.402;10;2;8189.0;7999.0
city_mpg=+, compression_ratio=+, horsepower=-;0.268;5;3;8189.0;7995.0
horsepower=-;0.441;12;3;8189.0;7995.0
height=+, horsepower=-;0.283;4;3;8189.0;7995.0
bore=-, engine_size=-;0.291;4;2;8189.0;7999.0
curb_weight=-, highway_mpg=+;0.252;2;2;8189.0;7999.0
bore=-, horsepower=-;0.26;4;3;8189.0;7995.0
bore=-, compression_ratio=+;0.252;2;3;8189.0;7995.0
bore=-, curb_weight=-;0.268;3;2;8189.0;7999.0
curb_weight=-, horsepower=-;0.252;5;2;8189.0;7999.0
curb_weight=-, engine_size=-;0.299;5;2;8189.0;7999.0
curb_weight=-;0.504;11;2;8189.0;7999.0
horsepower=-, normalized_losses=-;0.252;1;2;8058.0;7995.0
city_mpg=+, normalized_losses=-;0.252;3;2;8058.0;7995.0
height=+, normalized_losses=-;0.283;3;2;8058.0;7995.0
normalized_losses=-;0.465;7;2;8058.0;7995.0
length=+, normalized_losses=-;0.268;2;2;8058.0;7995.0
length=+;0.48;10;2;8058.0;7995.0
stroke=+;0.425;8;2;8058.0;7995.0
height=+, length=+;0.276;4;2;8058.0;7995.0
bore=-, stroke=+;0.276;3;2;8058.0;7995.0
normalized_losses=+;0.48;11;2;7995.0;7957.0
length=+;0.48;11;2;7957.0;7898.0
curb_weight=+;0.472;8;2;7957.0;7898.0
height=+, length=+;0.276;5;2;7957.0;7898.0
curb_weight=+, height=+;0.252;3;2;7957.0;7898.0
length=+, normalized_losses=-;0.268;3;2;7957.0;7898.0
normalized_losses=-, stroke=-;0.26;1;2;7957.0;7898.0
height=+, normalized_losses=-;0.283;4;2;7957.0;7898.0
height=+;0.441;9;2;7957.0;7898.0
curb_weight=+, length=+;0.315;6;2;7957.0;7898.0
normalized_losses=-;0.465;8;2;7957.0;7898.0
stroke=-;0.425;10;2;7957.0;7898.0
height=-;0.457;10;3;7898.0;7775.0
height=-, length=-;0.268;1;2;7898.0;7788.0
horsepower=+;0.417;10;2;7898.0;7895.0
bore=+;0.409;7;3;7898.0;7775.0
peak_rpm=+;0.394;5;2;7898.0;7895.0
length=-;0.449;9;2;7898.0;7788.0
highway_mpg=+;0.417;10;2;7898.0;7788.0
bore=+, stroke=-;0.268;3;2;7895.0;7775.0
stroke=-;0.425;11;2;7895.0;7775.0
peak_rpm=-;0.394;6;2;7895.0;7775.0
compression_ratio=-;0.394;7;3;7788.0;7689.0
curb_weight=-, engine_size=-;0.299;6;2;7788.0;7738.0
curb_weight=-;0.504;12;2;7788.0;7738.0
engine_size=-;0.402;11;2;7788.0;7738.0
bore=-, length=-;0.268;6;2;7775.0;7689.0
peak_rpm=+;0.394;6;2;7775.0;7689.0
bore=-;0.457;10;3;7775.0;7609.0
bore=-, stroke=+;0.276;4;2;7775.0;7689.0
length=-, width=-;0.283;3;2;7775.0;7689.0
wheel_base=-, width=-;0.268;5;2;7775.0;7689.0
length=-, wheel_base=-;0.323;5;2;7775.0;7689.0
stroke=+;0.425;9;2;7775.0;7689.0
bore=-, wheel_base=-;0.26;4;2;7775.0;7689.0
peak_rpm=+, wheel_base=-;0.252;2;2;7775.0;7689.0
wheel_base=-;0.433;10;2;7775.0;7689.0
bore=-, peak_rpm=+;0.252;1;2;7775.0;7689.0
length=-;0.449;10;2;7775.0;7689.0
width=-;0.425;6;2;7775.0;7689.0
curb_weight=+;0.472;9;2;7738.0;7609.0
wheel_base=+;0.425;7;3;7689.0;7463.0
normalized_losses=-, wheel_base=+;0.26;2;3;7689.0;7463.0
normalized_losses=-;0.465;9;3;7689.0;7463.0
peak_rpm=-;0.394;7;2;7609.0;7463.0
peak_rpm=-, wheel_base=+;0.26;3;2;7609.0;7463.0
highway_mpg=-;0.37;5;2;7609.0;7463.0
highway_mpg=-, horsepower=+;0.307;3;2;7609.0;7463.0
horsepower=+;0.417;11;2;7609.0;7463.0
bore=+;0.409;8;2;7609.0;7463.0
stroke=+;0.425;10;2;7463.0;7349.0
peak_rpm=+;0.394;7;2;7463.0;7349.0
width=-;0.425;7;2;7463.0;7349.0
length=-;0.449;11;2;7349.0;7295.0
height=+;0.441;10;2;7349.0;7295.0
width=+;0.409;8;3;7299.0;7198.0
bore=-;0.457;11;2;7299.0;7295.0
length=+, width=+;0.283;4;2;7295.0;7198.0
highway_mpg=+;0.417;11;2;7295.0;7099.0
length=+;0.48;12;2;7295.0;7198.0
engine_size=+;0.386;8;3;7295.0;7053.0
wheel_base=-;0.433;11;3;7295.0;7053.0
horsepower=-;0.441;13;2;7295.0;7099.0
highway_mpg=+, horsepower=-;0.331;8;2;7295.0;7099.0
height=-;0.457;11;2;7295.0;7198.0
length=-, width=-;0.283;4;2;7198.0;7053.0
length=-;0.449;12;2;7198.0;7053.0
wheel_base=-, width=-;0.268;6;2;7198.0;7053.0
width=-;0.425;8;2;7198.0;7053.0
length=-, wheel_base=-;0.323;6;2;7198.0;7053.0
height=-;0.457;12;2;7099.0;6938.0
bore=-, horsepower=-;0.26;5;2;7053.0;6918.0
engine_size=-;0.402;12;2;7053.0;6918.0
horsepower=-;0.441;14;2;7053.0;6918.0
city_mpg=+, horsepower=-;0.331;7;2;7053.0;6918.0
city_mpg=+;0.394;10;2;7053.0;6918.0
bore=-;0.457;12;3;7053.0;6855.0
length=+;0.48;13;2;7053.0;6918.0
bore=-, engine_size=-;0.291;5;2;7053.0;6918.0
compression_ratio=+;0.441;12;2;6918.0;6849.0
horsepower=-, normalized_losses=-;0.252;2;2;6855.0;6795.0
normalized_losses=-, stroke=-;0.26;2;2;6855.0;6795.0
horsepower=-, stroke=-;0.252;4;2;6855.0;6795.0
horsepower=-;0.441;15;2;6855.0;6795.0
peak_rpm=-;0.394;8;2;6855.0;6795.0
normalized_losses=-;0.465;10;2;6855.0;6795.0
stroke=-;0.425;12;2;6855.0;6795.0
curb_weight=+, length=+;0.315;7;2;6795.0;6692.0
normalized_losses=+;0.48;12;3;6795.0;6669.0
length=+;0.48;14;2;6795.0;6692.0
curb_weight=+;0.472;10;3;6795.0;6669.0
engine_size=+;0.386;9;2;6692.0;6649.0
curb_weight=-;0.504;13;2;6669.0;6575.0
horsepower=+;0.417;12;3;6669.0;6529.0
normalized_losses=-;0.465;11;2;6669.0;6575.0
width=-;0.425;9;2;6669.0;6575.0
length=-;0.449;13;2;6649.0;6529.0
bore=-;0.457;13;2;6649.0;6529.0
peak_rpm=+;0.394;8;2;6649.0;6529.0
bore=-, peak_rpm=+;0.252;2;2;6649.0;6529.0
bore=-, length=-;0.268;7;2;6649.0;6529.0
curb_weight=+, height=+;0.252;4;2;6575.0;6488.0
curb_weight=+;0.472;11;2;6575.0;6488.0
compression_ratio=-;0.394;8;2;6575.0;6488.0
height=+;0.441;11;2;6575.0;6488.0
horsepower=-;0.441;16;2;6529.0;6479.0
city_mpg=+;0.394;11;2;6529.0;6479.0
city_mpg=+, horsepower=-;0.331;8;2;6529.0;6479.0
highway_mpg=+, horsepower=-;0.331;9;2;6529.0;6479.0
highway_mpg=+;0.417;12;2;6529.0;6479.0
city_mpg=+, highway_mpg=+, horsepower=-;0.299;6;2;6529.0;6479.0
city_mpg=+, highway_mpg=+;0.346;7;2;6529.0;6479.0
horsepower=+;0.417;13;2;6479.0;6229.0
normalized_losses=-;0.465;12;2;6229.0;6095.0
compression_ratio=+;0.441;13;2;6095.0;5572.0
width=+;0.409;9;2;5499.0;5389.0
height=-;0.457;13;2;5499.0;5389.0
curb_weight=+, length=+;0.315;8;2;5399.0;5348.0
city_mpg=-;0.386;11;3;5399.0;5195.0
city_mpg=-, highway_mpg=-;0.323;5;3;5399.0;5195.0
compression_ratio=-, highway_mpg=-;0.252;2;2;5399.0;5348.0
city_mpg=-, compression_ratio=-;0.299;5;2;5399.0;5348.0
curb_weight=+;0.472;12;2;5399.0;5348.0
bore=+, length=+;0.268;2;2;5399.0;5348.0
compression_ratio=-;0.394;9;2;5399.0;5348.0
bore=+;0.409;9;2;5399.0;5348.0
length=+;0.48;15;3;5399.0;5195.0
highway_mpg=-;0.37;6;3;5399.0;5195.0
normalized_losses=+, wheel_base=-;0.26;4;2;5348.0;5151.0
normalized_losses=+;0.48;13;2;5348.0;5151.0
normalized_losses=+, peak_rpm=+;0.252;2;2;5348.0;5151.0
height=-, wheel_base=-;0.307;4;2;5348.0;5151.0
height=-, normalized_losses=+;0.291;3;2;5348.0;5151.0
curb_weight=-, normalized_losses=+;0.268;3;2;5348.0;5151.0
curb_weight=-, wheel_base=-;0.299;5;2;5348.0;5151.0
height=-;0.457;14;2;5348.0;5151.0
bore=-, wheel_base=-;0.26;5;2;5348.0;5151.0
peak_rpm=+, wheel_base=-;0.252;3;2;5348.0;5151.0
bore=-, normalized_losses=+;0.26;4;2;5348.0;5151.0
curb_weight=-, height=-;0.283;5;2;5348.0;5151.0
height=-, peak_rpm=+;0.252;2;2;5348.0;5151.0
bore=-;0.457;14;2;5348.0;5151.0
bore=-, curb_weight=-;0.268;4;2;5348.0;5151.0
bore=-, engine_size=-;0.291;6;2;5348.0;5151.0
curb_weight=-, engine_size=-;0.299;7;2;5348.0;5151.0
curb_weight=-, peak_rpm=+;0.268;3;2;5348.0;5151.0
bore=-, peak_rpm=+;0.252;3;2;5348.0;5151.0
wheel_base=-;0.433;12;2;5348.0;5151.0
engine_size=-;0.402;13;2;5348.0;5151.0
curb_weight=-;0.504;14;2;5348.0;5151.0
peak_rpm=+;0.394;9;2;5348.0;5151.0
