Gross;Budget;Screens;Views;Likes;Dislikes;Comments;Aggregate Followers
9130;4000000.0;45.0;3280543;4632;425;636;1120000.0
192000000;50000000.0;3306.0;583289;3465;61;186;12350000.0
30700000;28000000.0;2872.0;304861;328;34;47;483000.0
106000000;110000000.0;3470.0;452917;2429;132;590;568000.0
17300000;3500000.0;2310.0;3145573;12163;610;1082;1923800.0
42600000;40000000.0;3158.0;3013011;9595;419;1020;8153000.0
5750000;20000000.0;818.0;1854103;2207;197;593;130655.0
26000000;28000000.0;2714.0;2213659;2210;419;382;125646.0
48600000;12500000.0;2253.0;5218079;11709;532;770;21697300.0
350000000;58800000.0;3555.0;3927600;13143;573;3134;24300.0
15200000;30000000.0;1762.0;519327;963;94;70;386400.0
84300000;6500000.0;3185.0;19032902;38810;4382;4392;19420105.0
85900000;65000000.0;3116.0;930006;5150;707;1484;5130800.0
830000;5000000.0;65.0;595194;85;36;39;15112.0
11800;6000000.0;18.0;3915978;6983;247;460;253000.0
72300;5000000.0;25.0;1391527;2479;146;182;1658900.0
14600000;7000000.0;31.0;1828235;7633;235;685;116100.0
222000000;165000000.0;3761.0;4700023;14163;538;1293;199800.0
21600000;9000000.0;1823.0;1348142;4404;307;1033;888000.0
46300000;40000000.0;3555.0;7977747;18690;1940;2214;2417000.0
25400000;4000000.0;771.0;1671367;4572;207;741;105000.0
20300000;28000000.0;2647.0;2088644;6633;255;1235;3209000.0
1870000;7000000.0;482.0;4398243;9202;454;1150;4769100.0
260000000;170000000.0;3938.0;760262;2918;66;837;8030000.0
209000000;170000000.0;3967.0;1735700;6772;187;889;114000.0
30500000;30000000.0;97.0;465219;1348;72;162;744600.0
15800000;7000000.0;2544.0;1844690;3728;581;729;9536.0
151000000;85000000.0;3936.0;463866;3400;152;987;1030000.0
42000000;36000000.0;3376.0;384448;1230;129;228;276750.0
28800000;27000000.0;2781.0;522630;1248;153;227;147000.0
86200000;35000000.0;3154.0;3287020;7698;446;1122;17064000.0
38900000;13000000.0;3230.0;1488038;2571;553;643;88586.0
100000000;178000000.0;3490.0;15568277;29251;1730;6439;5610000.0
23400000;20000000.0;2800.0;11850723;24226;1343;2577;21500.0
1210000;24000000.0;66.0;6685088;8369;467;1580;13720000.0
85700000;68000000.0;3313.0;2276605;3946;331;1286;1888000.0
102000;1850000.0;8.0;1034480;6490;181;374;66600.0
60800000;2000000.0;780.0;456564;1706;413;890;412000.0
201000000;160000000.0;3952.0;1156609;2968;112;547;1870000.0
168000000;61000000.0;3014.0;396010;1390;58;342;20640000.0
333000000;170000000.0;4080.0;1313548;8567;269;1285;2750000.0
30100;70000.0;9.0;924347;1406;107;132;5887700.0
72700000;100000000.0;3595.0;9324678;15479;1130;3925;9414000.0
54400000;42000000.0;93.0;1292235;5284;124;362;1650000.0
177000000;145000000.0;4253.0;11472161;22779;862;2863;671000.0
50500000;11000000.0;1272.0;9222933;41728;924;3609;1800000.0
275000;8932779.93;6.0;8210;6;0;0;58900.0
188000000;165000000.0;3561.0;5421705;16635;751;4316;1865000.0
47600000;50000000.0;3434.0;4270410;8886;569;3058;301000.0
128000000;50000000.0;2440.0;817242;4391;112;346;4720000.0
50500000;60000000.0;3387.0;3320754;4322;347;1105;147000.0
47000000;40000000.0;2905.0;1438350;4028;133;543;27323.0
2450000;5000000.0;374.0;3650720;6917;234;1119;1045200.0
128000000;81000000.0;3204.0;2767873;46023;944;6946;5407000.0
14000000;16000000.0;1825.0;5611593;11187;2111;7595;116800.0
82400000;17000000.0;1534.0;4450824;7315;546;909;2356000.0
2470;300000.0;3.0;30529;18;4;2;18100.0
241000000;180000000.0;3948.0;557012;3528;135;464;5633.0
348000;15000000.0;66.0;177465;595;39;71;644000.0
36400000;25000000.0;3019.0;1470438;4314;168;511;130000.0
10400000;5000000.0;1044.0;667852;469;38;44;919000.0
112000000;145000000.0;3934.0;277848;890;45;88;8839043.0
51200000;50000000.0;3194.0;3037329;6696;564;1061;9850000.0
43600000;66000000.0;3115.0;1451649;7342;533;2305;2594000.0
150000000;18000000.0;3279.0;2554307;8722;298;693;14240000.0
114000000;127000000.0;22.0;3779254;13535;362;1221;6480000.0
52500000;13200000.0;2130.0;608230;895;118;387;1550500.0
101000000;125000000.0;3567.0;13661095;41254;3812;18077;1810000.0
91400000;50000000.0;3090.0;367551;700;19;37;648786.0
50800000;5000000.0;2061.0;11724815;30208;2150;4926;130000.0
76100000;55000000.0;3303.0;2028767;3829;500;665;124000.0
32500000;5000000.0;2867.0;105480;352;45;85;11444.0
83300000;132000000.0;32.0;1223790;2934;123;226;47200.0
59200000;50000000.0;3826.0;2117798;2124;485;626;3603000.0
23200000;100000000.0;2658.0;355563;1568;106;267;370000.0
134000000;25000000.0;2663.0;8429023;27484;977;2195;21586000.0
132000000;103000000.0;3948.0;3849768;9783;704;1151;154400.0
58600000;100000000.0;3372.0;3305047;11733;1077;4319;250000.0
10500000;35000000.0;2486.0;3466458;6096;411;977;3678000.0
52100000;20000000.0;2179.0;3743181;16782;565;4973;9224.0
17200000;95000000.0;2875.0;23360;36;5;5;804300.0
38500000;40000000.0;3062.0;2757667;3030;418;251;4521000.0
13800000;65000000.0;2894.0;5223362;18770;627;2796;8620000.0
59700000;22000000.0;3260.0;943306;3006;325;1401;3185900.0
20200;6000000.0;27.0;2426078;9230;184;373;33500.0
44100000;13000000.0;18.0;4176181;9463;310;885;269849.0
89300000;48000000.0;21.0;1544390;2975;136;380;216000.0
84500000;20000000.0;3465.0;3429055;7682;675;727;727000.0
191000000;125000000.0;3845.0;7908038;27312;3439;8533;1260000.0
26000000;8000000.0;2809.0;6132551;14539;653;846;11783000.0
203000000;200000000.0;4324.0;386857;4996;233;864;4520000.0
26800000;26000000.0;8.0;5546710;15351;535;1271;48231.0
50200000;50000000.0;12.0;5165441;17476;871;3229;10364000.0
50800000;60000000.0;3464.0;2545852;3964;378;554;1280000.0
102000000;55000000.0;3236.0;7075635;15858;574;1966;1800000.0
39300000;90000000.0;90.0;14453673;33092;1336;5005;1480000.0
125000000;12000000.0;3173.0;32626778;370552;4752;38363;4240000.0
33600000;25000000.0;103.0;4790221;4740;454;773;2740000.0
45100000;25000000.0;702.0;523457;2187;149;565;184100.0
2720000;20000000.0;461.0;1303646;3306;211;564;759800.0
255000000;250000000.0;3875.0;3554189;14152;262;1782;2613000.0
2430000;16000000.0;4.0;26528;58;1;8;25748.0
54200000;22000000.0;2023.0;24809;277;12;52;20700.0
337000000;125000000.0;4151.0;3305417;14684;332;1176;31030000.0
6110000;44000000.0;78.0;6231191;13331;1265;3430;6619435.0
47100000;50000000.0;3003.0;1325872;4829;104;378;5563500.0
18800000;70000000.0;2104.0;797229;1606;630;456;1174806.0
258000000;60000000.0;3775.0;439159;1847;105;289;4690000.0
5980000;14000000.0;1841.0;381071;238;27;43;14586.0
102000000;34000000.0;173.0;3156436;18124;213;2753;4734000.0
78000000;70000000.0;3083.0;10649;21;1;0;3849.0
25000000;15000000.0;2776.0;1935432;3089;155;567;148000.0
512000;100000.0;20.0;1223891;1309;148;239;226000.0
83900000;40000000.0;3205.0;8479994;35071;2233;3479;2731000.0
71500000;9000000.0;2805.0;1142295;3895;193;882;49424.0
2750000;6500000.0;685.0;4092871;8781;794;2046;420000.0
1110000;12250000.0;5.0;702;1;0;1;9842.0
35900000;15000000.0;15.0;3226251;18240;261;2104;8204.0
4190000;22500000.0;320.0;3281842;4968;445;2099;1899400.0
26500000;1000000.0;2602.0;698;16;1;9;3086.0
65200000;24000000.0;2225.0;2063089;5858;336;346;24388000.0
23000000;100000000.0;3455.0;14141585;36646;1459;6811;5987.0
245000000;210000000.0;4233.0;170909;791;362;230;2814900.0
1820000;2800000.0;449.0;473100;670;104;380;180100.0
116000000;65000000.0;3131.0;6637551;19833;815;3403;269000.0
3320000;6000000.0;291.0;476747;2079;166;232;2536000.0
30100000;15000000.0;794.0;280566;477;56;82;585000.0
13100000;3300000.0;42.0;7750223;17541;631;2760;858000.0
37900000;15000000.0;1061.0;5976092;9343;649;1333;781200.0
22500;60000000.0;2965.0;719976;1312;76;189;1810000.0
3590000;6000000.0;68.0;865690;1375;79;67;1818778.0
234000000;200000000.0;3996.0;2285;9;0;1;10280000.0
717000;12000000.0;2.0;550734;894;44;77;168700.0
643000000;150000000.0;4274.0;9143740;34746;1074;5107;6180000.0
458000000;250000000.0;4276.0;10366624;31552;989;3843;10070000.0
350000000;190000000.0;4004.0;59056;330;8;39;11890000.0
345000000;175000000.0;3946.0;1438926;4632;262;496;232000.0
325000000;74000000.0;4301.0;1341909;1607;764;48;250000.0
183000000;29000000.0;3473.0;9214467;39824;998;1987;7336000.0
171000000;150000000.0;3956.0;8748596;20352;649;1842;6605000.0
177000000;135000000.0;3708.0;10341783;24413;1675;3426;5070000.0
166000000;40000000.0;3646.0;31859569;49900;13960;9119;946000.0
162000000;74000000.0;3641.0;5536822;29411;1840;1281;184000.0
154000000;110000000.0;3777.0;12632836;36508;2210;7559;9737600.0
153000000;150000000.0;3702.0;2732371;13030;497;1774;768700.0
135000000;28000000.0;2757.0;848970;12607;237;1560;55618.0
130000000;110000000.0;3875.0;2834800;5664;5746;66;4240000.0
110000000;65000000.0;3711.0;6649290;20750;750;1666;265000.0
105000000;35000000.0;3158.0;9511288;19903;2581;2955;2014000.0
93200000;190000000.0;3972.0;999867;4212;66;250;1198000.0
90400000;40000000.0;3175.0;10078326;26565;1418;2395;2939000.0
89400000;155000000.0;3758.0;84870;265;13;63;3877901.0
81300000;68000000.0;3442.0;6711914;29903;984;1767;10988000.0
71000000;30000000.0;90.0;2389347;8809;935;892;1618000.0
71000000;88000000.0;3723.0;5340100;26134;2007;3717;2466000.0
65900000;14800000.0;3355.0;5128288;18475;858;1579;8392000.0
64500000;23000000.0;3003.0;4826940;10521;478;755;2284000.0
54900000;31000000.0;3411.0;2554327;10062;464;871;2347000.0
52700000;120000000.0;3995.0;7560211;24168;3524;7139;881000.0
47400000;35000000.0;3240.0;3651828;13998;969;2205;1066.0
47400000;176000000.0;3181.0;3920842;10535;565;1668;7460000.0
42500000;25000000.0;2991.0;11036701;50002;1005;3525;776000.0
41900000;20000000.0;2855.0;2947239;19201;625;1842;2113.0
37400000;34000000.0;3366.0;2393017;13291;369;584;324925.0
36100000;5000000.0;1648.0;2513544;6970;270;1105;1655987.0
35400000;4000000.0;2602.0;5588384;15144;913;1499;4599000.0
34500000;35000000.0;3003.0;6964819;26601;1111;1293;1630000.0
34000000;8500000.0;2575.0;12792898;56001;2083;4102;6714000.0
33300000;11000000.0;258.0;6495;82;3;7;675000.0
32400000;30000000.0;3108.0;1841293;5879;314;634;788000.0
31400000;12000000.0;3031.0;2854910;23254;459;1087;4184000.0
25800000;3300000.0;2666.0;4442147;10605;691;2739;2007000.0
19000000;10000000.0;2766.0;11037833;36874;1885;4360;5699.0
23500000;18000000.0;1603.0;638374;4018;130;269;1887.0
22300000;12000000.0;2893.0;6646785;16041;955;2787;253499.0
16100000;35000000.0;3261.0;13154873;46684;3565;8578;209000.0
16800000;700000.0;2002.0;50444;238;3;28;986572.0
12300000;14000000.0;2880.0;11496;194;9;31;1891977.0
10900000;28000000.0;2778.0;2996539;1874;32;189;155000.0
10600000;40000000.0;2816.0;3098749;4311;341;881;1520000.0
7610000;60000000.0;2648.0;3850758;13363;453;1276;3045000.0
7100000;70000000.0;2567.0;2409338;6923;340;714;1334000.0
6740000;8000000.0;34.0;4032265;18398;302;1298;2208.0
1710000;8495000.0;420.0;1364537;3824;689;772;3841.0
131000;4500000.0;79.0;5085068;14359;600;2468;3744000.0
129000;4000000.0;14.0;63724;115;28;14;129000.0
106000;1500000.0;22.0;44963;109;27;42;1188000.0
