motif;nb_sauts;support;pred_cible;Gross;Budget;Screens;Likes;Dislikes;Comments;Aggregate Followers;Views
-;-;-;-;72300.0;5000000.0;25.0;2479.0;146.0;182.0;1658900.0;1041269.91
Budget=+, Gross=+, Screens=+ -> Dislikes=+ -> Comments=+;3;0.324;1249523.89;261580512.8151 (↑);104652748.1079 (↑);1773.6007 (↑);-;229.6816 (↑);286.576 (↑);-;1249521.38 (↑)
Budget=+ -> Gross=+, Screens=+ -> Dislikes=+ -> Comments=+;4;0.399;1249523.89;236426908.3412 (↑);56687164.3066 (↑);1605.4086 (↑);-;227.6792 (↑);318.0361 (↑);-;1249529.89 (↑)
Screens=+ -> Dislikes=+ -> Comments=+;3;0.493;1249523.89;-;-;1792.2632 (↑);-;186.6288 (↑);255.5527 (↑);-;1249526.36 (↑)
Gross=+ -> Screens=+ -> Dislikes=+ -> Comments=+;4;0.48;1249523.89;146184428.1719 (↑);-;3016.018 (↑);-;202.2796 (↑);325.3186 (↑);-;1249512.36 (↑)
Gross=+, Screens=+ -> Budget=+ -> Dislikes=+ -> Comments=+;4;0.399;1249523.89;181798263.0554 (↑);154480056.7627 (↑);1240.1287 (↑);-;212.3972 (↑);252.3484 (↑);-;1249533.7 (↑)
Aggregate Followers=-, Dislikes=+ -> Gross=+, Screens=+ -> Budget=- -> Comments=+;4;0.304;1249523.89;175048777.9236 (↑);647734.375 (↓);1194.9976 (↑);-;214.6632 (↑);308.4233 (↑);1650659.6523 (↓);1249534.8 (↑)
Aggregate Followers=-, Comments=+ -> Budget=+ -> Dislikes=+ -> Screens=+;4;0.25;1249523.89;-;39348449.707 (↑);2367.8815 (↑);-;192.3463 (↑);417.9513 (↑);1648654.9016 (↓);1249536.21 (↑)
Comments=+ -> Budget=+ -> Dislikes=+ -> Screens=+;4;0.466;1249523.89;-;39430694.5801 (↑);2369.8495 (↑);-;192.3463 (↑);416.5676 (↑);-;1249536.34 (↑)
